{
  "gsm8k/s1": {
    "base": 0.6300968664351371,
    "aug": 0.649415734116972,
    "delta": 0.019318867681834884,
    "ci": [
      -0.027048576775612863,
      0.06562755379084195
    ],
    "n": 1319,
    "excl": 0,
    "primary": false
  },
  "gsm8k/s2": {
    "base": 0.6753143954010705,
    "aug": 0.6739341229085656,
    "delta": -0.0013802724925049414,
    "ci": [
      -0.05265247451204077,
      0.05016395600319733
    ],
    "n": 1319,
    "excl": 0,
    "primary": true
  },
  "gsm8k/s3": {
    "base": 0.6413270404780987,
    "aug": 0.6465265615878576,
    "delta": 0.005199521109758853,
    "ci": [
      -0.04268307752941201,
      0.053506317127544854
    ],
    "n": 1319,
    "excl": 0,
    "primary": false
  },
  "triviaqa/s1": {
    "base": 0.7514132556347416,
    "aug": 0.7479183189804685,
    "delta": -0.0034949366542731397,
    "ci": [
      -0.012432638516007266,
      0.0055791688258952235
    ],
    "n": 1696,
    "excl": 7,
    "primary": true
  },
  "triviaqa/s2": {
    "base": 0.7467070909339768,
    "aug": 0.7431821548234439,
    "delta": -0.00352493611053295,
    "ci": [
      -0.014429939837034594,
      0.007296817221181118
    ],
    "n": 1696,
    "excl": 7,
    "primary": false
  },
  "triviaqa/s3": {
    "base": 0.7480514415676216,
    "aug": 0.7444008827340004,
    "delta": -0.003650558833621198,
    "ci": [
      -0.01654983412522078,
      0.009391493406152519
    ],
    "n": 1696,
    "excl": 7,
    "primary": false
  }
}