{
  "gsm8k": {
    "n": 1319,
    "accuracy": 0.8658074298711145,
    "s1": {
      "auc": 0.5257551921002899,
      "ci": [
        0.4779470529470529,
        0.5727922077922077
      ],
      "shuffle": 0.49471133010775026,
      "n": 1319
    },
    "s1_gold": {
      "auc": 0.525913502923803,
      "ci": [
        0.4780739509434336,
        0.5728916687137431
      ],
      "shuffle": 0.5013513312950815,
      "n": 1319
    },
    "s2": {
      "auc": 0.4271003393788279,
      "ci": [
        0.3801485942559695,
        0.47452981693958635
      ],
      "shuffle": 0.500508598256602,
      "n": 1319
    },
    "s3": {
      "auc": 0.46742754806217657,
      "ci": [
        0.4211033384063582,
        0.5148992112182296
      ],
      "shuffle": 0.4966504150711904,
      "n": 1319
    },
    "b1": {
      "auc": 0.7113103188973651,
      "ci": [
        0.6719805371490765,
        0.7501487960132757
      ],
      "shuffle": 0.4968247796016504,
      "n": 1319
    },
    "b2": {
      "auc": 0.758692253653517,
      "ci": [
        0.7189417882030019,
        0.7971331961187886
      ],
      "shuffle": 0.49780870610585054,
      "n": 1319
    },
    "b3": {
      "auc": 0.631684921883503,
      "ci": [
        0.5976261750958458,
        0.6670045401752719
      ],
      "shuffle": 0.5028756666369835,
      "n": 1319
    }
  },
  "triviaqa": {
    "n": 1703,
    "accuracy": 0.7510275983558427,
    "s1": {
      "auc": 0.627278276070633,
      "ci": [
        0.596075014430094,
        0.6581819553694377
      ],
      "shuffle": 0.5006908865269152,
      "n": 1703
    },
    "s1_gold": {
      "auc": 0.6098320843229528,
      "ci": [
        0.581149754454197,
        0.6374679879746131
      ],
      "shuffle": 0.5025355525395725,
      "n": 1703
    },
    "s2": {
      "auc": 0.4954203977163763,
      "ci": [
        0.46374369947169314,
        0.5266257443646915
      ],
      "shuffle": 0.5009708719961055,
      "n": 1703
    },
    "s3": {
      "auc": 0.5626521309395607,
      "ci": [
        0.530203615530523,
        0.5937559730607931
      ],
      "shuffle": 0.4985373025063803,
      "n": 1703
    },
    "b1": {
      "auc": 0.649289318010828,
      "ci": [
        0.6154791674749491,
        0.6823014081479093
      ],
      "shuffle": 0.49895817044566065,
      "n": 1703
    },
    "b2": {
      "auc": 0.7100102560641088,
      "ci": [
        0.6805932382222825,
        0.7381076485157665
      ],
      "shuffle": 0.5003223066581919,
      "n": 1696
    },
    "b3": {
      "auc": 0.7222743667664892,
      "ci": [
        0.6947323980254612,
        0.7494600331600978
      ],
      "shuffle": 0.4983012598285807,
      "n": 1703
    }
  }
}